AATS7d,AATS8d,AATS8m,AATS5p,ATSC2d,ATSC3p,AATSC6dv,AATSC2s,AATSC0Z,GATS3c,GATS2dv,GATS7m,GATS1se,SpMAD_Dzm,AXp-2dv,NaasC,AMID_h,piPC3,piPC10,GGI10,ATS4dv,AATS5v,ATSC2s,ATSC1Z,ATSC0p,ATSC7i,GATS7Z,GATS3m,GATS5m,SpMAD_DzZ,SpDiam_Dzv,SpMAD_Dzv,VR1_Dzp,VR2_Dzp,RNCG,Xp-6dv,MAXdssC,MIC4,PEOE_VSA5,EState_VSA2,AtomicNumber,AtomicMass,AtomicRadius,IonizationEnergy,Density,Mulliken EN,polarizability(A^3),electron affinity(kJ/mol),Relative molecular weight,permittivity,LogP,HBD,HBA,MPC,boiling_point,PH,temperature,time,Cost,SSA
3.660377358,3.288135593,73.04197731,1.472561641,-16.34911243,-5.684038385,0.420845012,0.46146375,6.633136095,0.641172246,0.725677831,0.874823786,0.759124764,14.23589522,0.144269011,15.0,0.325281701,5.674182005,9.330584266,0.396082032,630.0,200.2131536,59.14071511,-13.80622837,12.02257316,-37.6854775,0.910687789,0.918828681,0.973124161,9.614721244,217.8775064,10.0898902,231.4541068,7.013760813,0.158079404,1.555514643,-1.006453482,35.13895629,0.0,16.69035448,29.0,63.55,140.0,7.726,8.933,4.48,6.7,119.0,73.0938,36.7,-1.01,0.0,1.0,0.22,153.0,2.8,85.0,48.0,57.07301214849891,0.45198086261193104
2.757575758,2.833333333,66.171038,1.426130173,-7.017531045,-3.495574228,-0.507732443,0.610668777,6.952520088,0.597723781,0.77662821,1.091926187,0.777430068,7.526719146,0.145394599,6.0,0.370201753,4.826311735,7.840356026,0.107540047,112.0,158.2051547,-3.111111111,7.41,4.500731783,17.32369574,1.171032357,1.051012836,0.930011576,3.991738983,39.01627391,4.266607416,47.63162366,3.969301972,0.376190686,0.248451997,-1.189788479,25.94226526,0.0,0.0,29.0,63.55,140.0,7.726,8.933,4.48,6.7,119.0,18.015,78.5,-1.38,1.0,1.0,0.82,100.0,2.0,160.0,72.0,1.0138412550476374,1.067232141764609
3.379310345,3.491525424,65.42178739,1.527078196,-16.06616257,-5.473522893,-0.382505585,0.518194707,6.593572779,0.555863249,0.785793486,1.071409842,0.731462869,11.62585661,0.147261638,9.0,0.228380496,5.697093487,9.610258352,0.532292623,190.0,160.8430033,17.3128858,-2.222222222,5.536269929,-2.198696973,0.817065073,0.956198961,1.048955142,5.220180083,64.40734129,5.649229843,68.0731777,4.538211847,0.36872064,0.415807862,-0.906223755,38.05690812,0.0,0.0,28.0,58.693,163.0,7.64,8.912,4.4,6.8,112.0,32.042,32.7,-0.77,1.0,1.0,0.32,64.7,14.0,100.0,168.0,24.73952165658416,0.5200481381971251
2.11396074109375,2.194829679234375,47.6284410746875,1.149731094271301,-6.268013449148437,-2.706467634195312,-0.46306151653124994,1.042476452046875,7.306673173992188,0.6762556962890625,0.673825065140625,0.831451008625,0.882666842828125,6.617903371585937,0.14074922853125,5.4375,0.551353284125,4.390497610046875,3.7407912301093753,0.1988779843359375,191.8671875,149.45826582523438,23.20033431559375,-7.959909542625001,4.033815997375,2.1243587362734377,0.6697363828828126,1.004870443703125,1.0808913288046875,4.55637935734375,52.93357254428125,5.376749510828125,51.2010830546875,3.835363917703125,0.31272614065625,0.2187336004609375,-1.109812241671875,32.29515485882813,0.63733522625,5.080351038468751,30.0234375,66.5492209375,157.2265625,7.953875,8.1388828125,4.246796875,7.73046875,35.0078125,47.807778125,55.7484375,-1.1671874999999998,0.4609375,1.0,0.49726562499999993,127.984375,5.882860209851563,84.2578125,109.875,1.0130563155537828,1.1701948669020805
2.455824563219986,2.5031517659837954,62.400857730412596,1.203716271204319,-7.01394913011261,-3.4024152232391205,0.8278481263018951,0.7372742290642396,7.011171304848679,0.6744545663447723,0.7009271806248931,1.136830046896408,0.8176888416966248,6.671287825950821,0.13733595378120422,4.7772979736328125,0.5496321382958984,4.57936640757962,6.168838076091122,0.18937525706066896,120.60337045687653,152.68171937676942,19.679898747855287,-6.491304309582459,3.2719082613301085,2.5881552130727234,1.0337235177396393,1.377039952629303,0.9847350721590729,3.2787962125862276,35.24322285445322,4.039675495753052,38.730881733489625,3.2023223379788055,0.4012705521286011,0.18062096504025454,-1.0821412011094513,27.77663759193089,0.5480917221528321,3.6476743668055915,36.091583251953125,81.94196752024483,150.1533660888672,8.403028228759766,7.857166076660157,4.249625244140625,7.612948608398439,-5.687286376953125,53.31974299621582,40.29465179443359,-0.5696557875163621,1.2679969172889058,0.984130859375,0.37574249267578125,124.97875477469795,8.669865778508271,100.70747375488281,57.9755859375,1.0130532435785966,1.2121195593822858
2.436912635579815,2.2457177039135816,60.978376227962805,1.2488649443380897,-6.537796381763839,-2.278366996818165,0.9325504882526817,0.8861873014829025,7.894361009406971,0.671160740390812,0.7223542491435662,0.9833400190488929,0.8691458429511185,7.213892334539363,0.137181226076343,5.306621551513672,0.5355266207763519,4.52404054706016,5.782495728963038,0.18608708388766337,236.6119307871194,147.18755380931196,21.888568594920805,-13.525127647404815,4.25732928271,3.1078431089637375,0.982065990458779,1.0056352440103073,1.015887529938305,4.240954087534748,51.85735069996491,5.0305575483328235,56.94675835731461,4.000003240046802,0.27513326535943605,0.28112052911905283,-1.213774020263093,34.12060516157124,0.1285993027994385,3.405412683114814,25.898902893066406,57.3989958916337,153.50195693969727,7.886410346984864,5.7659983062744145,4.007571156550794,8.419283294677735,-2.2172164916992188,49.63841361007691,39.70399360656738,-0.651364517211914,0.48141871217330484,0.9682985028367928,0.4237142181396485,109.14308512371605,9.70400083115406,97.63402938842773,75.921630859375,1.0115423687907281,1.2515896028514875
3.1297470067730817,3.083700679337297,70.79352381401738,1.4381215545008739,-10.171442893626331,-3.9362828171018047,0.0034412802726625207,0.6681901109307895,6.936372168009703,0.6717544036041609,0.7620425054740378,0.7088097567375399,0.7959428881660862,9.296099757833243,0.1446453815182812,7.930987060070038,0.393590579187553,5.059851411436874,8.105602760358952,0.3842207145944476,195.74349547543324,156.40436802130438,19.444570791801453,-5.189106726868497,4.692501869372524,2.356529563365454,1.223051731756573,1.074883397847847,0.9826656664353941,4.520868328589023,56.13640442635847,5.212673373376471,59.800238095509485,4.120985238523238,0.31904981634987933,0.3200177799372859,-1.1454195825091777,32.5401782291901,0.348399867516448,3.762118019038712,35.317118387044616,79.83328708855143,161.53816238100202,8.022164245921891,6.812405389530451,4.211232969465154,9.354503992199898,33.712406873703,49.45402866770029,44.7994983943421,-0.9712060976855986,0.5375067412373334,1.0175167040654356,0.3949112695455551,115.05425436849481,8.57902028849406,95.0331498682499,76.80774190624689,3.358313211548335,0.710337831643451
3.320820489135854,3.3969554340213612,66.63165651057147,1.5060120586924581,-14.811404600939861,-5.177108910778899,-0.30624986642549135,0.5517033284876385,6.665179085407715,0.576690068748975,0.7807537400502573,1.061019117504178,0.7458023188814658,11.14429679913637,0.14676366816790054,8.77209323644638,0.2615501036453908,5.569379596576114,9.319178801458552,0.49789719948459504,195.2139111008884,160.65772392297896,17.702519787387764,-2.8208937868683712,5.424609551333949,-1.5114379053395819,0.8750099525589945,1.0000667513284778,1.0324287515930592,5.1279493454052805,63.84256693581037,5.609598329863148,67.444314696965,4.48209393829522,0.35467868283577175,0.4036577710369451,-0.9590182340762172,37.01234148041669,0.08181115141757012,0.8100852858291845,29.157920956611633,62.17735033067128,161.12112218141556,7.773698236548352,8.723759453296662,4.381357996454324,7.016923863643877,93.5518010854721,34.71417714756727,36.25155176232847,-0.8231362926959991,0.920208235926349,0.9996111419257315,0.3490306866168976,75.11942632351672,12.803410445994626,99.73566621541977,148.16158876033467,21.534123931335998,0.5590754489684511
3.024615947569655,2.879214835698718,69.59865427325765,1.3875229179519395,-9.086273576454722,-3.6716423827158167,0.235156614173816,0.6802611050159273,7.0156031077769025,0.6621332517804173,0.7534742497962965,1.0327686806262881,0.806467807545101,8.67259998038207,0.14407490285684693,7.461928129196167,0.4105323582766168,4.961874320859045,7.724957496304906,0.3303404473956526,194.4224848511097,155.97803616863794,20.558117377709777,-5.893413027184429,4.616872121988918,2.637455014312949,0.9614527401853333,1.0742095576456185,0.9928789195987449,4.456882076052893,56.04965218696637,5.186132717768709,59.53388313770511,4.073410398033388,0.31055446855921054,0.32659532216096954,-1.1487532366868112,32.08885311233146,0.30028760246452335,5.00490148248012,35.40866255760193,80.19384172807437,160.49270933598694,8.138805547475815,7.496968733310699,4.181529117181622,9.476960444450379,14.890069484710693,50.052497400426866,47.08059115409851,-0.9637742602924186,0.5105085364615526,1.116282811950347,0.41986637115478515,118.82206533776302,8.279471829764733,92.51780271530151,68.2706894681772,1.0608857065031856,0.8178410492423904
3.3386872415009305,3.4313252579389344,66.27870991034362,1.5075214832369275,-15.367944791649963,-5.326776700675095,-0.29233364808872986,0.5385510216112366,6.6520041431446995,0.5777113796159514,0.7825724670070343,1.066659609254013,0.7418918714280701,11.311526492641006,0.14654987878840636,8.833206176757812,0.2537747457670288,5.604102475197724,9.37865808047319,0.5102869374387196,200.96754455566406,161.11944187051574,18.517653107752807,-3.2580449443565676,5.450860283713471,-1.0983724842742615,0.8543096756447296,0.9673721088891907,1.0401244596847687,5.151195671571335,63.982961870115695,5.623456543465087,68.02892109705653,4.507844150229417,0.3568719853126221,0.40823222939819337,-0.9507373804044341,37.321429641478154,0.012603553054199218,0.5309993870252785,28.651580810546875,60.729071864864565,161.48252868652344,7.750593719482422,8.751748352050782,4.384573364257813,6.913601684570313,96.89315795898438,34.78629375305176,34.28932342529297,-0.7953085327148437,0.9392238593267694,0.9990234375,0.32972564697265627,72.22084421878114,13.210265647355804,99.27345275878906,155.8251953125,24.592258621809194,0.537013568968464
3.1297470067730817,3.083700679337297,70.79352381401738,1.4381215545008739,-10.171442893626331,-3.9362828171018047,0.0034412802726625207,0.6681901109307895,6.936372168009703,0.6717544036041609,0.7620425054740378,0.7088097567375399,0.7959428881660862,9.296099757833243,0.1446453815182812,7.930987060070038,0.393590579187553,5.059851411436874,8.105602760358952,0.3842207145944476,195.74349547543324,156.40436802130438,19.444570791801453,-5.189106726868497,4.692501869372524,2.356529563365454,1.223051731756573,1.074883397847847,0.9826656664353941,4.520868328589023,56.13640442635847,5.212673373376471,59.800238095509485,4.120985238523238,0.31904981634987933,0.3200177799372859,-1.1454195825091777,32.5401782291901,0.348399867516448,3.762118019038712,35.317118387044616,79.83328708855143,161.53816238100202,8.022164245921891,6.812405389530451,4.211232969465154,9.354503992199898,33.712406873703,49.45402866770029,44.7994983943421,-0.9712060976855986,0.5375067412373334,1.0175167040654356,0.3949112695455551,115.05425436849481,8.57902028849406,95.0331498682499,76.80774190624689,3.358313211548335,0.710337831643451
2.957694147080475,2.749933887953407,73.21327213158928,1.3535386046109612,-7.635688993074478,-3.2569033116786654,0.4263313352302475,0.7137701804450685,7.17566645806913,0.651651121482503,0.742615576670227,0.9735975714676972,0.8047634370318298,7.951876503307319,0.14575743687535858,6.801124572753906,0.42588447439510346,4.882832026434716,7.653155490185692,0.30266980923219833,211.28858184814453,153.60824042880387,22.613478197379628,-8.454567384043205,4.461654359853721,1.8561339066281664,1.0546765969251235,1.0433477770163573,0.9935223077678224,4.45135746180825,55.27038038947293,5.254556931662719,58.309133337767975,4.060927862319664,0.2879263853844223,0.2896651650106532,-1.207160257894531,32.288404558400856,0.23203130532373048,5.933587726937744,36.07897186279297,83.12912045799565,154.81033325195312,8.563608360290527,7.5765135345458985,4.261119562650397,8.550399017333985,-16.609634399414062,54.77186742095947,47.6807861328125,-0.993458761377092,0.48970444717562567,0.9997073572360856,0.41281433105468746,128.43566741943357,7.412434072638671,99.0557861328125,54.96771533070905,1.016683229920048,0.8461925979473008
3.3062105275460487,3.383258230520277,67.36160587085372,1.4926982458976685,-14.498960301549879,-5.077919054699089,-0.2366959509270494,0.5607628587880044,6.692122370408837,0.5962213963809747,0.7827347663828885,0.9559531642139004,0.7529337363022977,10.966575279982495,0.14662325982706342,8.587484061717987,0.2752084321620269,5.499731823759343,9.15611361377509,0.48286622080908487,201.79006277696004,159.8632477436645,18.498459308447202,-3.5237699667944247,5.331017712065059,-0.37417802374072784,0.8973338172912254,0.9889972142340893,1.0320586622402121,5.044070214525766,62.56101220635162,5.5463843013938,66.77076918245417,4.449799290075082,0.35101729199421694,0.39324294082568545,-0.9873285282612546,36.438357750099726,0.05443723287960911,0.7900187117222964,29.222236467938007,62.42314988012077,159.88530893234562,7.822347701575532,8.664805280506611,4.380791349109837,7.0028057426214225,88.3064694404602,36.751645365059375,36.44590434134007,-0.831418471595623,0.8778815567205309,0.9993545582598504,0.3454892164468765,79.05982749424112,12.376991358952175,98.56154188513756,142.8533327922666,17.904843896196198,0.5999892065465358
3.1297470067730817,3.083700679337297,70.79352381401738,1.4381215545008739,-10.171442893626331,-3.9362828171018047,0.0034412802726625207,0.6681901109307895,6.936372168009703,0.6717544036041609,0.7620425054740378,0.7088097567375399,0.7959428881660862,9.296099757833243,0.1446453815182812,7.930987060070038,0.393590579187553,5.059851411436874,8.105602760358952,0.3842207145944476,195.74349547543324,156.40436802130438,19.444570791801453,-5.189106726868497,4.692501869372524,2.356529563365454,1.223051731756573,1.074883397847847,0.9826656664353941,4.520868328589023,56.13640442635847,5.212673373376471,59.800238095509485,4.120985238523238,0.31904981634987933,0.3200177799372859,-1.1454195825091777,32.5401782291901,0.348399867516448,3.762118019038712,35.317118387044616,79.83328708855143,161.53816238100202,8.022164245921891,6.812405389530451,4.211232969465154,9.354503992199898,33.712406873703,49.45402866770029,44.7994983943421,-0.9712060976855986,0.5375067412373334,1.0175167040654356,0.3949112695455551,115.05425436849481,8.57902028849406,95.0331498682499,76.80774190624689,3.358313211548335,0.710337831643451
3.106846323532978,3.0472201562342622,70.60083159919296,1.4233434835051926,-10.126484719307275,-3.9656377515537953,0.007253726560669582,0.6597353282960428,6.933471744496305,0.6652377372584048,0.6448244674108398,0.7678343327941572,0.7969715415850072,9.305671046050332,0.14429767162194912,7.844995166640729,0.3899618721004401,5.056670761492007,8.142138848102626,0.5459669615921787,209.37674812621614,157.44172806621074,19.604458806693444,-5.137708554982611,4.9096934746380185,1.2081658496314494,1.4063714879624731,1.0597550155938285,0.9712075613067772,4.693693411099678,60.72126025651116,5.383749383344078,64.38642175836723,4.218736082431796,0.3115219426484441,0.35745097483628663,-1.146235828446279,32.649600372066885,0.38660617752150017,3.9762993103763433,33.59356166613359,75.17220509470934,157.4132612807507,8.13283552143,7.95968241413776,4.266781798193868,8.185432608235086,31.0429062647745,47.59614946014574,46.364134488492866,-0.9800729445742478,0.6164770178898824,1.0058001847115787,0.4156407909840345,131.68813429278114,8.471926306268983,98.35369589272887,77.29848562304619,1.2814028325772,0.7281411808238483
3.1315381230751207,3.077319445345152,70.83842211602376,1.4332393516744932,-10.138919483319132,-3.9219032745910036,0.004198953908185974,0.6645734662474313,6.952814515695195,0.6748051253930807,0.7629913517698238,0.7171153044042087,0.7970826494999111,9.276890086366757,0.1446238482031632,7.926243529189378,0.3974190137336252,5.050229809741129,8.094398777653344,0.40315894241537387,197.04463164227394,155.2547693149616,19.47019876470575,-5.209093809430071,4.702544513795718,2.1861271038485093,1.205397069564508,1.0743180143434532,0.9811527562767867,4.545351847575746,56.88878068790486,5.250922985968575,60.35964642460702,4.1318912823290015,0.3174322634759731,0.3245808116018677,-1.1490712416850397,32.58199065426926,0.3903400675964649,3.9460381631117882,35.402540676285184,80.07871683823635,161.53861557134098,8.037898564216643,7.051433866678359,4.208781367973421,9.32926641639996,31.523749572224915,50.04178863440464,44.691882235423705,-0.9695160393199436,0.5423198953726032,1.0170860334951817,0.39373169563710686,116.10228479772151,8.558151804068011,95.51123734097928,76.24021760494051,3.6287645602445195,0.705967075101748
3.118913684566695,3.065106001286356,70.25979593020823,1.4277416398540699,-10.240202436953101,-3.9592616452625125,-0.01821763604762801,0.638984389009557,6.948796720089123,0.6699628907286279,0.7657574591643878,0.7007009046410964,0.7936377554301605,9.315168965937605,0.14486630064294806,7.884486601833487,0.3914551111862011,5.06109490634462,8.156625933846186,0.5977166162927309,205.80107670455885,158.68672754436912,18.68021565096726,-4.6425306996721805,4.892222733485298,1.6292279315793956,1.1498659742114175,1.0567444846606688,0.9733491204915778,4.694449807786976,60.33287134830928,5.381624022654183,63.89919972346867,4.224223026585657,0.31550564449618856,0.35382305073861114,-1.1437102893823539,32.65632782924493,0.4105565772336204,3.911868148150549,34.041645984204635,76.27750073146403,158.16798166119673,8.103488685298405,7.990543113563719,4.2615742447409195,8.629317698055381,34.060241753060836,47.388725061162646,46.56356063349739,-0.9812825842716257,0.6362234327093013,1.0012561216899774,0.41615973316041,117.19091753928318,8.450509543757608,100.48632283112966,79.49317979010429,4.655550222908758,0.670907414420932
3.1330850149983913,3.2370704883632344,70.30549344011472,1.4387261231009396,-10.416822359924574,-4.0265035999296455,-0.03874726483253215,0.6482401007358038,6.927237059465487,0.6584871667814234,0.7519990756440647,0.7255033903689647,0.7915581755430796,9.406080590827484,0.14503257373302725,7.952490008814493,0.38176926425809254,5.0852991437288235,8.227428261577776,0.6737989875713375,201.35510917430125,157.20364971477585,19.203661219403756,-4.9002306580200585,4.893854320815902,1.6746380439628654,2.6441212647940837,1.0553316576763982,0.9809058486384754,4.6828297038891336,59.455945175574115,5.351732376459118,63.11162038768184,4.21542074082055,0.3180651597660608,0.3496693776472062,-1.1292186444662389,32.88079049681065,0.35633403077439246,3.7921868880927123,34.27426987241249,76.84425408957466,161.8486304119885,8.048762828072277,7.786556561494995,4.251220653291563,8.721034623728938,37.87692959292326,47.23421859600596,45.08537145980509,-0.9695894241440676,0.616452050849265,1.0053773883520685,0.4072231737311813,118.79054300244391,8.763735668990574,98.13387186011823,82.06207300889889,6.030389116820018,0.6418862310072521
3.1209694551597793,3.0897988243884686,70.66940840788334,1.4329488144977187,-10.126448848709877,-3.9566692105250887,-0.022674985564913534,0.6631593044022469,6.940078428703319,0.6641734813604481,0.7618745160004012,0.7264966112662888,0.7950797035002828,9.280896457959784,0.14487756675211377,7.891488359342475,0.24990487973087153,5.059800575724826,8.140784037764464,0.49000767879967744,196.87357790931654,156.7519400099889,18.957682234464933,-4.861712623075755,4.784887632082553,2.1204080031097288,1.361157796274291,1.0722737336579442,0.9801873310879279,4.585890104463025,57.48569212137708,5.26474713370235,61.177369959288875,4.160905385790952,0.3178872112752299,0.3325645091464275,-1.1413983084074542,32.54384484138235,0.35797454031665654,3.817175663723952,34.76424085288202,78.2530417006593,160.41433497843605,8.049370191080374,7.294399225351592,4.2370325992469375,8.98653780299286,35.38280964647129,48.07824412280833,45.917893374865855,-0.9832065575855355,0.5752063536490934,1.0255511879313466,0.41083954939062095,116.23198970957102,8.469485715722048,97.27956939951582,73.50512833859072,4.2974876114549545,0.6997726028097827
3.114437571639959,3.0609326346821026,70.20038277781158,1.4285170170645023,-10.227854670458402,-3.9721523575166358,-0.030895984679052746,0.6457310875494748,6.939166566142253,0.6644728711950079,0.7425913613206414,0.716622127706802,0.7938605784068666,9.309895495978848,0.14499739685755103,7.859521032936755,0.38824017997342564,5.061592922791137,8.162440933768103,0.5935927739817011,205.1973984049584,158.14493805002098,18.622909757143983,-4.594978056380181,4.915856723085605,1.7570869970214753,1.1076260264465967,1.056247692187992,0.975056903450521,4.6992971569761135,60.244427288187445,5.373415801369115,63.958671471751764,4.22992957950486,0.3158643520633657,0.35485627912433204,-1.1411025649617907,32.62735057136619,0.3812486401859196,3.8148661345417905,33.852789123399816,75.52278193767653,157.71046011767342,8.095569250138064,7.896543245100737,4.2691446675728315,8.63236799507214,36.18262640130706,46.729747615091114,46.71923974129281,-0.9858180950159318,0.6374738655810308,1.0012219383368013,0.4228196348721159,150.05143291000195,8.419791756022404,100.58894702993712,79.71696082187758,5.122311471674422,0.6600782883544167
3.126338088961468,3.0745936613712184,70.23394128761295,1.4352916836750977,-10.403172957138334,-4.032354623473127,-0.041188887712458225,0.6491242023562538,6.918149331197625,0.6577060880176278,0.7058628812122807,0.6977786522036241,0.7916362494293805,9.411704048028312,0.1446664034991383,7.922079957344977,0.38198321056923545,5.083346083014328,8.226213684511762,0.5923619465786638,205.27235803877807,157.3579211316191,19.035520252022607,-4.756832160782796,4.9423337914595,1.3396277958687666,1.1449131940158448,1.0556278573574587,0.9782902331445245,4.9814618287218595,60.45656368775535,5.3868422523955015,64.13856536829809,4.238843510391649,0.3162696210493776,0.35773705926382454,-1.130052799547444,32.87942132924836,0.3637382011418385,3.7592552604683434,33.63356370373515,74.95555320058315,159.28053026709017,8.076323224790677,7.9433046314663525,4.269151139009552,8.371119905621834,37.9357136781764,46.62690234711398,45.58214649267891,-0.9730139740278806,0.634473929776727,1.0033034706575503,0.41310502298502527,121.45188663477686,8.730159135642943,99.17898691914161,82.22638152363379,9.505500315291371,0.6299628690922919
3.132540374792937,3.0809980348955026,70.28975929922315,1.4398215863889399,-10.438798005233721,-4.01924330645583,-0.029911798617817818,0.64618827677614,6.927788546142597,0.6628729196241196,0.7303580100210421,0.6782642017731639,0.7896962606874304,9.411996187430374,0.14470075240892338,7.940198386229895,0.38500472330706836,5.080628727879828,8.211603628251464,0.5567873902673707,204.95295971465717,157.49477950938427,19.096002513501528,-4.812928806525255,4.914355256507994,1.3465265275845126,1.119147901209818,1.0561545230066742,0.9786190514087678,4.971395710939378,60.33156164238444,4.187760492840397,63.85636528527573,4.229490624424706,0.31643574210271463,0.354847701196211,-1.1330890433464451,32.89006819623235,0.38224081868564036,3.8035246290789626,33.949687324973624,76.01732613386312,159.7845099974074,8.079823052088319,7.869674216796782,4.26080183015905,8.504112000940012,36.23724446075357,47.281128383811065,45.27452307827794,-0.9682692116349966,0.6272526543767185,1.0040524831930033,0.4078421270455028,118.42255107210515,8.395205947960472,98.7340888156541,82.17724797475596,13.100321405260743,0.6187013429264582
3.1279905994716173,3.077382456577747,70.35668663523438,1.4311785050109043,-10.37108824354927,-4.002466622426194,-0.026425697908842142,0.6516698374763283,6.926399846470066,0.6622847811465444,0.7442718200359321,0.6911392181002023,0.7934525938713468,9.377980898625147,0.14492314095206538,7.918823410304867,0.38480799146550915,5.073080615258959,8.196773084546637,0.5275944827511432,204.0847049067635,157.72334167053162,19.06807558491377,-4.863838533806995,4.895147467240127,1.5928063863604465,1.1099449998590987,1.0593865746159397,0.9782328761191623,4.692072378806531,59.79357966777208,5.367851292552471,63.3107487962267,4.218248723676567,0.315920878569455,0.3501981903124174,-1.137268276640143,32.80187442871492,0.3666958268198443,3.7347934871271797,34.09061055618398,76.35938695809058,159.25068948902535,8.08627077421756,7.623895335278538,4.26082356952294,9.833371728773658,35.64618358092957,46.98044638521813,45.821302366346906,-0.975471343811281,0.628510138090083,1.004307437921958,0.41429862105560455,160.957896032525,8.694818157183247,98.43735058728271,81.0217653055264,8.931751440496598,0.6395017330605122
3.1219262786607223,3.2406352633195254,70.44854451749381,1.437708236614719,-10.169789807258791,-3.9750860734993734,-0.03423624461800683,0.6547484150201839,6.941157846782782,0.6598329536838071,0.7485325703465324,0.7557135519383318,0.7936995663007078,9.307413631013615,0.144943019381359,7.916976974967838,0.38684199132480357,5.067121961039991,8.177798669305615,0.5958592575330126,199.52761769917532,157.32743186037288,19.021178552041256,-4.856336870965274,4.850209650303908,1.9274188089858215,1.3170703445924257,1.062942358919265,0.9790128956415978,4.6419797306747,58.72874012519659,4.4900340252417426,62.495444577347826,4.196266733029475,0.31695573202345506,0.3441182552332277,-1.1372228458728944,32.65786363337375,0.36476112882192135,3.921237421880526,34.573711403495636,77.55549392854155,160.6289815966427,8.038411568299095,7.868839195422813,4.2405859620370645,8.979136376973306,37.08912573574344,47.65916558258746,46.02333228289302,-0.9818895669510688,0.6027008668731795,1.0065756943161563,0.4134053047158158,123.17419591871072,8.470585532173512,98.46006536344248,78.40725601431446,2.003058431257557,0.7143452820546281
3.1344397920053333,2.543544131699293,70.92710014207205,1.434296092492911,-10.158051543769279,-3.9024022095087156,0.015098355391787058,0.6583751711626438,6.952798524793332,0.6788914970190232,0.7650793770954933,0.7182231236389599,0.7967491595461391,9.277701001382573,0.1446542744046513,7.932965327941929,0.39895875455828533,5.050116113019452,8.09492617273661,0.38869636356343956,199.23156504324206,157.13939804092237,19.466354612958746,-5.244966114533511,4.703531597669877,2.073358247877338,1.201350379159539,1.0715391180745364,0.9786209480239361,4.556068267266635,57.16744854823779,5.268468685095193,60.5270973956754,4.136720626328739,0.3164333903343743,0.32492017603724144,-1.1525448217324707,32.62845335635001,0.40231452644324944,3.9219115155949815,35.43142762384889,80.2842004929685,161.15605041539288,8.053699789373148,7.169259716862626,4.21063237738766,9.287481779799212,30.41559016975225,49.93835490585626,44.76337011704943,-0.9675760990312703,0.548598477865941,1.0147437261131782,0.39505870288412553,115.77625537985799,8.550337928322936,95.69677606516052,75.86709441928275,3.982539107879944,0.7021276498963223
3.111850362363106,3.0558762087769837,70.23206601845553,1.4299189372620331,-10.197665906600152,-3.9629266273165564,-0.015230050789205779,0.6528614191290126,6.9466151147074,0.6630802202212484,0.7521816479828688,0.6952893796624694,0.7934363633096158,9.272177443969241,0.14515755091186885,7.821203152678208,0.387629668324424,5.047943193905985,8.135882579329179,0.5088944681231213,199.94853065612398,157.49251009930333,18.901118991366918,-4.835413879633545,4.846947358675085,1.8829478731394338,1.1094495342817954,1.0587500352780241,0.9782550175822466,4.648179116388151,58.89808026301418,5.325355267980176,62.47641841638425,4.192854913339325,0.31668770644195166,0.3450175000763249,-1.1401420666720592,32.57100193849509,0.3695109145190132,3.806582628665417,34.249277313664535,76.81914036764644,159.45316437376204,8.092857529037989,7.5011431470819705,4.256571873899324,8.651275795027308,34.13965259375982,47.158389238188704,46.22363618974711,-0.9827195437935463,0.6082099092036395,1.0024132964986052,0.41795465617236915,160.6078534630044,8.544282515460463,98.50309151770489,79.4953678351803,4.666497608135785,0.6680267494319319
3.11153041235714,3.075287415226477,70.26099292301566,1.4308666002681638,-10.126629930070361,-3.9649185140270746,-0.040644758235140174,0.6048669380935632,6.94471341338081,0.6628050106916024,0.7534838554049452,0.7520457231400826,0.7938107205312316,9.27723551836013,0.14503344344524657,7.855842717297492,0.38931606100121185,5.058149329940926,8.152139855597426,0.6275792623079789,201.57294229615857,157.47274988249546,18.558677877630288,-4.590264517654769,4.8838474304160115,1.95255498646506,1.318109820935442,1.0639414494121113,0.9758601833799341,4.667596399734448,59.38623867786681,5.339502446475512,63.137762060934655,4.2125556904184345,0.31648377042957393,0.3489363122626069,-1.1404702166019292,32.58803099753734,0.38173446368067754,3.8745874459387535,34.134201660158325,76.3995003025749,158.97660094726902,8.079670841521983,7.8278989182300265,4.260173614515526,8.6952558871685,36.220101536899165,46.946744355570075,46.77713839647433,-0.9902440735356297,0.6180145711824109,1.007584997950304,0.42434246789238383,118.91168814997887,8.357774027241216,100.26141703591748,77.61170181273373,2.5966230055127966,0.7108920231022882
3.1300377494096083,3.0802066466268494,70.63124776652842,1.4401302061456134,-10.271744220510255,-3.976051331230419,-0.011960235275995837,0.659779523912833,6.932597817627785,0.6660995755043364,0.7444630296531165,0.6955289921670282,0.7935075991474212,9.346043919716266,0.14449927043508545,7.932315944224683,0.3894389380995921,5.0691540659955034,8.159486975027642,0.4495081783309089,200.49312497643191,156.82087792617608,19.282307281048226,-4.999448945919294,4.809286991434093,1.7776152953148752,1.1682181532275342,1.0660532212135787,0.9800976597052341,4.616159927517878,58.33494413073096,5.301520213098376,61.954130399976535,4.176249890664396,0.3173319907940897,0.33855608137931154,-1.1394889758146263,32.69258704754825,0.3597542057918336,3.824239536461726,34.56916460059952,77.74574997942227,160.1282180076944,8.0522391314564,7.326730431455185,4.238036928790818,8.8656618206498,35.09488327506551,48.40579437509973,45.07997658492771,-0.9712738069807756,0.584071660758706,1.0101101478177172,0.4018268596421694,116.8312624155376,7.909080576598447,96.81192367457697,79.08867301989781,4.394947219194648,0.6923673303653217
3.1159917659436025,3.077643881877491,70.26030964839741,1.4320299433773478,-10.184380965094793,-3.9712304508556735,-0.03264975158831034,0.6488577377814242,6.939891444682292,0.663602282184035,0.7550334890202721,0.742081497821929,0.7933288142000465,9.31049748761544,0.14487733668385333,7.886694893330059,0.38883046570316526,5.064494903857143,8.158191533729866,0.6023923088646252,204.0655285800191,157.5023706543362,18.85525877581931,-4.726823025419881,4.892234031803539,1.7602491275847836,1.3190546020374834,1.0590447084503356,0.9770126845665482,4.678754797075248,59.8814793144341,5.354798741739736,63.661448093596896,4.21861246708673,0.3160133246903709,0.3527605772044108,-1.1393742597355792,32.64749598270696,0.3748591480901342,3.918398342313311,34.06362257766113,75.53191321724023,158.91167785631941,8.069849397355187,7.831208459778339,4.256433362343035,8.709096515719878,36.494356603794586,47.425567775433734,46.20823803373573,-0.9848368957582068,0.6170303672787707,1.0026245832480536,0.4172202195686623,119.01620956482287,8.048087236139729,99.79371509848534,78.97321282944165,2.5966230055127966,0.7108920231022882
